<?xml version="1.0" ?>
<LOG_ROOT>
	<PROJECT NAME="DSP_FPGA_COMM">
		<CBX_INST_ENTRY INSTANCE_NAME="|PARA_COMM|PLL_IP:U0|altpll:altpll_component" CBX_FILE_NAME="PLL_IP_altpll.v"/>
		<CBX_INST_ENTRY INSTANCE_NAME="|PARA_COMM|sld_signaltap:auto_signaltap_0|sld_signaltap_impl:sld_signaltap_body|sld_signaltap_implb:sld_signaltap_body|altdpram:\stp_non_zero_ram_gen:attribute_mem_gen:attribute_mem|lpm_mux:mux" CBX_FILE_NAME="mux_1tc.tdf"/>
		<CBX_INST_ENTRY INSTANCE_NAME="|PARA_COMM|sld_signaltap:auto_signaltap_0|sld_signaltap_impl:sld_signaltap_body|sld_signaltap_implb:sld_signaltap_body|sld_offload_buffer_mgr:\stp_non_zero_depth_offload_gen:stp_offload_buff_mgr_inst|LPM_COUNTER:\adv_point_3_and_more:advance_pointer_counter" CBX_FILE_NAME="cntr_qgi.tdf"/>
		<CBX_INST_ENTRY INSTANCE_NAME="|PARA_COMM|RAM_2_PORT:U4|altsyncram:altsyncram_component" CBX_FILE_NAME="altsyncram_auq3.tdf"/>
		<CBX_INST_ENTRY INSTANCE_NAME="|PARA_COMM|sld_signaltap:auto_signaltap_0|sld_signaltap_impl:sld_signaltap_body|sld_signaltap_implb:sld_signaltap_body|altdpram:\stp_non_zero_ram_gen:attribute_mem_gen:attribute_mem|lpm_decode:wdecoder" CBX_FILE_NAME="decode_dvf.tdf"/>
		<CBX_INST_ENTRY INSTANCE_NAME="|PARA_COMM|sld_signaltap:auto_signaltap_0|sld_signaltap_impl:sld_signaltap_body|sld_signaltap_implb:sld_signaltap_body|altsyncram:\stp_non_zero_ram_gen:stp_buffer_ram" CBX_FILE_NAME="altsyncram_q124.tdf"/>
		<CBX_INST_ENTRY INSTANCE_NAME="|PARA_COMM|sld_signaltap:auto_signaltap_0|sld_signaltap_impl:sld_signaltap_body|sld_signaltap_implb:sld_signaltap_body|sld_offload_buffer_mgr:\stp_non_zero_depth_offload_gen:stp_offload_buff_mgr_inst|LPM_COUNTER:status_advance_pointer_counter" CBX_FILE_NAME="cntr_kgi.tdf"/>
		<CBX_INST_ENTRY INSTANCE_NAME="|PARA_COMM|sld_signaltap:auto_signaltap_0|sld_signaltap_impl:sld_signaltap_body|sld_signaltap_implb:sld_signaltap_body|sld_offload_buffer_mgr:\stp_non_zero_depth_offload_gen:stp_offload_buff_mgr_inst|LPM_COUNTER:status_read_pointer_counter" CBX_FILE_NAME="cntr_23j.tdf"/>
		<CBX_INST_ENTRY INSTANCE_NAME="|PARA_COMM|sld_signaltap:auto_signaltap_0|sld_signaltap_impl:sld_signaltap_body|sld_signaltap_implb:sld_signaltap_body|sld_offload_buffer_mgr:\stp_non_zero_depth_offload_gen:stp_offload_buff_mgr_inst|LPM_COUNTER:read_pointer_counter" CBX_FILE_NAME="cntr_bbj.tdf"/>
	</PROJECT>
</LOG_ROOT>
